id,departament
1,Marketing
2,Research and Development
3,Human Resources
4,Legal
5,Marketing
6,Product Management
7,Training
8,Accounting
9,Engineering
10,Services
11,Engineering
12,Services
13,Accounting
14,Product Management
15,Research and Development
16,Support
17,Training
18,Business Development
19,Engineering
20,Product Management
21,Sales
22,Training
23,Accounting
24,Services
25,Sales
26,Legal
27,Support
28,Support
29,Services
30,Business Development
31,Product Management
32,Support
33,Product Management
34,Human Resources
35,Support
36,Sales
37,Product Management
38,Engineering
39,Accounting
40,Research and Development
41,Services
42,Legal
43,Business Development
44,Product Management
45,Training
46,Support
47,Sales
48,Accounting
49,Product Management
50,Research and Development
51,Services
52,Engineering
53,Services
54,Services
55,Sales
56,Accounting
57,Human Resources
58,Support
59,Support
60,Human Resources
61,Accounting
62,Services
63,Human Resources
64,Training
65,Business Development
66,Engineering
67,Training
68,Support
69,Research and Development
70,Services
71,Support
72,Sales
73,Business Development
74,Marketing
75,Services
76,Human Resources
77,Research and Development
78,Research and Development
79,Training
80,Services
81,Engineering
82,Training
83,Accounting
84,Business Development
85,Support
86,Engineering
87,Support
88,Research and Development
89,Sales
90,Engineering
91,Training
92,Training
93,Marketing
94,Services
95,Accounting
96,Training
97,Training
98,Legal
99,Legal
100,Support
101,Product Management
102,Engineering
103,Research and Development
104,Support
105,Product Management
106,Business Development
107,Sales
108,Sales
109,Business Development
110,Engineering
111,Marketing
112,Training
113,Training
114,Human Resources
115,Training
116,Legal
117,Engineering
118,Sales
119,Sales
120,Marketing
121,Accounting
122,Human Resources
123,Legal
124,Sales
125,Accounting
126,Research and Development
127,Services
128,Product Management
129,Product Management
130,Sales
131,Engineering
132,Accounting
133,Legal
134,Human Resources
135,Sales
136,Services
137,Product Management
138,Support
139,Support
140,Marketing
141,Sales
142,Accounting
143,Legal
144,Product Management
145,Accounting
146,Legal
147,Human Resources
148,Training
149,Engineering
150,Accounting
151,Sales
152,Marketing
153,Research and Development
154,Marketing
155,Marketing
156,Marketing
157,Services
158,Support
159,Research and Development
160,Research and Development
161,Sales
162,Business Development
163,Accounting
164,Services
165,Training
166,Research and Development
167,Legal
168,Business Development
169,Human Resources
170,Business Development
171,Sales
172,Training
173,Human Resources
174,Support
175,Engineering
176,Research and Development
177,Marketing
178,Human Resources
179,Engineering
180,Legal
181,Business Development
182,Human Resources
183,Sales
184,Product Management
185,Legal
186,Sales
187,Engineering
188,Human Resources
189,Support
190,Training
191,Services
192,Support
193,Training
194,Engineering
195,Sales
196,Accounting
197,Research and Development
198,Services
199,Human Resources
200,Research and Development
201,Marketing
202,Product Management
203,Engineering
204,Support
205,Training
206,Product Management
207,Accounting
208,Marketing
209,Business Development
210,Services
211,Support
212,Product Management
213,Legal
214,Support
215,Legal
216,Training
217,Business Development
218,Business Development
219,Product Management
220,Research and Development
221,Training
222,Business Development
223,Engineering
224,Marketing
225,Training
226,Sales
227,Sales
228,Engineering
229,Engineering
230,Research and Development
231,Business Development
232,Research and Development
233,Business Development
234,Human Resources
235,Training
236,Legal
237,Services
238,Research and Development
239,Marketing
240,Business Development
241,Engineering
242,Marketing
243,Engineering
244,Sales
245,Engineering
246,Marketing
247,Research and Development
248,Engineering
249,Product Management
250,Product Management
251,Services
252,Marketing
253,Engineering
254,Human Resources
255,Sales
256,Sales
257,Support
258,Accounting
259,Product Management
260,Services
261,Accounting
262,Training
263,Services
264,Human Resources
265,Training
266,Accounting
267,Marketing
268,Business Development
269,Services
270,Services
271,Sales
272,Training
273,Support
274,Support
275,Marketing
276,Business Development
277,Legal
278,Accounting
279,Training
280,Engineering
281,Product Management
282,Research and Development
283,Legal
284,Marketing
285,Product Management
286,Research and Development
287,Support
288,Services
289,Services
290,Support
291,Research and Development
292,Engineering
293,Marketing
294,Business Development
295,Product Management
296,Legal
297,Business Development
298,Human Resources
299,Engineering
300,Business Development
301,Support
302,Sales
303,Product Management
304,Training
305,Marketing
306,Accounting
307,Support
308,Training
309,Human Resources
310,Legal
311,Human Resources
312,Accounting
313,Accounting
314,Support
315,Legal
316,Engineering
317,Training
318,Training
319,Product Management
320,Legal
321,Marketing
322,Engineering
323,Product Management
324,Research and Development
325,Services
326,Product Management
327,Legal
328,Sales
329,Product Management
330,Marketing
331,Human Resources
332,Product Management
333,Research and Development
334,Engineering
335,Services
336,Sales
337,Marketing
338,Sales
339,Support
340,Product Management
341,Research and Development
342,Training
343,Marketing
344,Business Development
345,Accounting
346,Research and Development
347,Accounting
348,Human Resources
349,Accounting
350,Support
351,Human Resources
352,Training
353,Support
354,Sales
355,Legal
356,Human Resources
357,Product Management
358,Research and Development
359,Research and Development
360,Accounting
361,Services
362,Support
363,Legal
364,Business Development
365,Sales
366,Sales
367,Training
368,Human Resources
369,Support
370,Support
371,Business Development
372,Sales
373,Research and Development
374,Sales
375,Training
376,Human Resources
377,Training
378,Business Development
379,Training
380,Sales
381,Research and Development
382,Sales
383,Services
384,Product Management
385,Engineering
386,Business Development
387,Research and Development
388,Human Resources
389,Engineering
390,Accounting
391,Marketing
392,Sales
393,Marketing
394,Training
395,Sales
396,Training
397,Training
398,Training
399,Training
400,Marketing
401,Business Development
402,Research and Development
403,Business Development
404,Engineering
405,Business Development
406,Engineering
407,Engineering
408,Training
409,Sales
410,Product Management
411,Marketing
412,Support
413,Training
414,Services
415,Training
416,Accounting
417,Support
418,Human Resources
419,Sales
420,Services
421,Marketing
422,Legal
423,Marketing
424,Marketing
425,Training
426,Legal
427,Product Management
428,Product Management
429,Product Management
430,Human Resources
431,Sales
432,Services
433,Human Resources
434,Marketing
435,Training
436,Legal
437,Accounting
438,Legal
439,Research and Development
440,Sales
441,Services
442,Sales
443,Services
444,Research and Development
445,Support
446,Services
447,Engineering
448,Business Development
449,Human Resources
450,Legal
451,Human Resources
452,Support
453,Training
454,Marketing
455,Engineering
456,Legal
457,Engineering
458,Engineering
459,Sales
460,Support
461,Research and Development
462,Services
463,Support
464,Marketing
465,Marketing
466,Product Management
467,Training
468,Support
469,Human Resources
470,Product Management
471,Training
472,Training
473,Product Management
474,Accounting
475,Engineering
476,Engineering
477,Support
478,Legal
479,Training
480,Business Development
481,Research and Development
482,Sales
483,Accounting
484,Legal
485,Human Resources
486,Marketing
487,Services
488,Support
489,Support
490,Training
491,Support
492,Support
493,Product Management
494,Engineering
495,Training
496,Marketing
497,Human Resources
498,Human Resources
499,Legal
500,Product Management
501,Engineering
502,Sales
503,Human Resources
504,Accounting
505,Engineering
506,Business Development
507,Legal
508,Training
509,Sales
510,Business Development
511,Support
512,Product Management
513,Accounting
514,Training
515,Training
516,Sales
517,Product Management
518,Services
519,Research and Development
520,Sales
521,Human Resources
522,Research and Development
523,Sales
524,Engineering
525,Training
526,Support
527,Support
528,Research and Development
529,Training
530,Sales
531,Services
532,Sales
533,Training
534,Business Development
535,Marketing
536,Human Resources
537,Human Resources
538,Accounting
539,Training
540,Accounting
541,Business Development
542,Services
543,Engineering
544,Training
545,Research and Development
546,Accounting
547,Human Resources
548,Research and Development
549,Research and Development
550,Services
551,Accounting
552,Product Management
553,Research and Development
554,Training
555,Legal
556,Sales
557,Engineering
558,Business Development
559,Business Development
560,Training
561,Product Management
562,Support
563,Support
564,Product Management
565,Business Development
566,Business Development
567,Accounting
568,Engineering
569,Sales
570,Marketing
571,Training
572,Engineering
573,Engineering
574,Sales
575,Product Management
576,Engineering
577,Services
578,Marketing
579,Research and Development
580,Sales
581,Services
582,Product Management
583,Product Management
584,Engineering
585,Human Resources
586,Marketing
587,Accounting
588,Services
589,Accounting
590,Human Resources
591,Product Management
592,Sales
593,Legal
594,Services
595,Training
596,Support
597,Support
598,Product Management
599,Human Resources
600,Services
601,Research and Development
602,Business Development
603,Engineering
604,Legal
605,Support
606,Support
607,Sales
608,Legal
609,Business Development
610,Accounting
611,Services
612,Marketing
613,Human Resources
614,Business Development
615,Legal
616,Sales
617,Services
618,Research and Development
619,Research and Development
620,Support
621,Sales
622,Research and Development
623,Product Management
624,Support
625,Human Resources
626,Marketing
627,Sales
628,Engineering
629,Services
630,Support
631,Support
632,Sales
633,Business Development
634,Training
635,Research and Development
636,Services
637,Legal
638,Training
639,Product Management
640,Product Management
641,Product Management
642,Human Resources
643,Training
644,Human Resources
645,Training
646,Marketing
647,Marketing
648,Marketing
649,Support
650,Services
651,Human Resources
652,Marketing
653,Marketing
654,Accounting
655,Services
656,Research and Development
657,Engineering
658,Accounting
659,Product Management
660,Human Resources
661,Human Resources
662,Services
663,Business Development
664,Accounting
665,Human Resources
666,Training
667,Marketing
668,Training
669,Marketing
670,Legal
671,Product Management
672,Product Management
673,Human Resources
674,Legal
675,Marketing
676,Research and Development
677,Training
678,Research and Development
679,Training
680,Product Management
681,Legal
682,Accounting
683,Marketing
684,Business Development
685,Sales
686,Engineering
687,Services
688,Sales
689,Legal
690,Business Development
691,Product Management
692,Training
693,Support
694,Research and Development
695,Research and Development
696,Product Management
697,Research and Development
698,Training
699,Support
700,Engineering
701,Business Development
702,Human Resources
703,Engineering
704,Accounting
705,Human Resources
706,Legal
707,Human Resources
708,Human Resources
709,Services
710,Accounting
711,Marketing
712,Product Management
713,Engineering
714,Engineering
715,Accounting
716,Marketing
717,Support
718,Human Resources
719,Product Management
720,Marketing
721,Legal
722,Product Management
723,Product Management
724,Accounting
725,Accounting
726,Research and Development
727,Marketing
728,Research and Development
729,Accounting
730,Product Management
731,Human Resources
732,Business Development
733,Accounting
734,Legal
735,Legal
736,Support
737,Human Resources
738,Human Resources
739,Legal
740,Services
741,Accounting
742,Engineering
743,Legal
744,Engineering
745,Research and Development
746,Human Resources
747,Legal
748,Human Resources
749,Research and Development
750,Accounting
751,Marketing
752,Business Development
753,Marketing
754,Training
755,Accounting
756,Product Management
757,Accounting
758,Business Development
759,Engineering
760,Product Management
761,Engineering
762,Accounting
763,Support
764,Services
765,Sales
766,Accounting
767,Marketing
768,Services
769,Legal
770,Services
771,Sales
772,Research and Development
773,Training
774,Support
775,Marketing
776,Legal
777,Human Resources
778,Human Resources
779,Engineering
780,Services
781,Research and Development
782,Research and Development
783,Marketing
784,Engineering
785,Human Resources
786,Accounting
787,Legal
788,Services
789,Training
790,Support
791,Support
792,Support
793,Business Development
794,Sales
795,Legal
796,Marketing
797,Legal
798,Human Resources
799,Accounting
800,Support
801,Human Resources
802,Training
803,Training
804,Support
805,Product Management
806,Services
807,Training
808,Legal
809,Accounting
810,Product Management
811,Support
812,Engineering
813,Services
814,Support
815,Sales
816,Product Management
817,Support
818,Legal
819,Sales
820,Accounting
821,Business Development
822,Human Resources
823,Product Management
824,Engineering
825,Marketing
826,Business Development
827,Legal
828,Human Resources
829,Services
830,Sales
831,Accounting
832,Human Resources
833,Training
834,Sales
835,Human Resources
836,Legal
837,Engineering
838,Research and Development
839,Accounting
840,Research and Development
841,Support
842,Legal
843,Engineering
844,Legal
845,Sales
846,Marketing
847,Business Development
848,Support
849,Legal
850,Training
851,Support
852,Training
853,Support
854,Human Resources
855,Research and Development
856,Product Management
857,Research and Development
858,Engineering
859,Training
860,Accounting
861,Training
862,Support
863,Sales
864,Legal
865,Training
866,Services
867,Engineering
868,Sales
869,Support
870,Research and Development
871,Sales
872,Accounting
873,Services
874,Research and Development
875,Services
876,Sales
877,Product Management
878,Sales
879,Research and Development
880,Sales
881,Research and Development
882,Training
883,Support
884,Legal
885,Business Development
886,Product Management
887,Training
888,Product Management
889,Accounting
890,Services
891,Sales
892,Product Management
893,Marketing
894,Sales
895,Support
896,Marketing
897,Services
898,Sales
899,Product Management
900,Research and Development
901,Sales
902,Legal
903,Legal
904,Sales
905,Training
906,Product Management
907,Engineering
908,Human Resources
909,Accounting
910,Business Development
911,Engineering
912,Training
913,Research and Development
914,Training
915,Marketing
916,Marketing
917,Product Management
918,Engineering
919,Support
920,Support
921,Human Resources
922,Human Resources
923,Research and Development
924,Support
925,Legal
926,Services
927,Support
928,Support
929,Business Development
930,Training
931,Business Development
932,Marketing
933,Product Management
934,Human Resources
935,Engineering
936,Human Resources
937,Marketing
938,Services
939,Accounting
940,Marketing
941,Accounting
942,Sales
943,Services
944,Sales
945,Research and Development
946,Research and Development
947,Legal
948,Marketing
949,Human Resources
950,Sales
951,Research and Development
952,Support
953,Accounting
954,Services
955,Legal
956,Product Management
957,Services
958,Training
959,Product Management
960,Accounting
961,Training
962,Sales
963,Business Development
964,Business Development
965,Product Management
966,Research and Development
967,Services
968,Business Development
969,Legal
970,Training
971,Business Development
972,Support
973,Legal
974,Business Development
975,Business Development
976,Human Resources
977,Support
978,Accounting
979,Support
980,Human Resources
981,Sales
982,Training
983,Training
984,Engineering
985,Accounting
986,Product Management
987,Sales
988,Accounting
989,Engineering
990,Legal
991,Human Resources
992,Training
993,Business Development
994,Marketing
995,Accounting
996,Training
997,Product Management
998,Sales
999,Engineering
1000,Engineering
