id,first_name
1,Emlyn
2,Astra
3,Merridie
4,Cacilie
5,Genvieve
6,Chucho
7,Thornton
8,Sherman
9,Cristionna
10,Emeline
11,Imelda
12,Tedi
13,Mariana
14,Sumner
15,Junette
16,Carlene
17,Walden
18,Zacharie
19,Emalee
20,Ben
21,Ardelia
22,Evangelina
23,Sallie
24,Mandel
25,Jessa
26,Ivette
27,Jason
28,Candra
29,Les
30,Rochester
31,Valenka
32,Inglis
33,Brier
34,Isabel
35,Cheri
36,Joellyn
37,Magnum
38,Dasi
39,Cleavland
40,Valida
41,Elfreda
42,Walliw
43,Sheilah
44,Elicia
45,Kassie
46,Kacy
47,Shelley
48,Raul
49,Jodi
50,Cyrus
51,Wit
52,Xymenes
53,Xever
54,Cordey
55,Karlis
56,Vivia
57,Olympia
58,Leona
59,Orland
60,Goddart
61,Flem
62,Jenelle
63,Zitella
64,Errol
65,Franni
66,Bertie
67,Daffie
68,Donny
69,Jeannette
70,Adora
71,Heinrik
72,Codi
73,Bax
74,Lindsey
75,Coleen
76,Pauly
77,Tamma
78,Elmira
79,Bobina
80,Bethena
81,Craggie
82,Selina
83,Nixie
84,Miles
85,Anabal
86,Albert
87,Nathanael
88,Athene
89,Howard
90,Elane
91,Lazar
92,Alessandra
93,Roselia
94,Ketty
95,Lothaire
96,Ryan
97,Eugenia
98,Sam
99,Marlowe
100,Lucas
101,Velvet
102,Arne
103,Morry
104,Mariska
105,Devland
106,Amerigo
107,Bertrando
108,Goober
109,Elsworth
110,Reinhard
111,Manolo
112,Lynnelle
113,Leeland
114,Melisande
115,Nicolais
116,Simona
117,Chris
118,Winna
119,Marcy
120,Kania
121,Rachelle
122,Hurlee
123,Erroll
124,Lemar
125,Dacia
126,Morly
127,Betsy
128,Adamo
129,Candace
130,Garrik
131,Brigida
132,Arley
133,Chet
134,Koenraad
135,Brendon
136,Dot
137,Sherman
138,Lauren
139,William
140,Marve
141,Rudolph
142,Rivkah
143,Kim
144,Carilyn
145,Kameko
146,Gracie
147,Sharleen
148,Parker
149,Cheslie
150,Curr
151,Zabrina
152,Merrily
153,Dorie
154,Christophorus
155,Cory
156,Rosemonde
157,Geoff
158,Korey
159,Meagan
160,Granny
161,Coralyn
162,Carlye
163,Taylor
164,Farris
165,Brig
166,Jackquelin
167,Clement
168,Corliss
169,Theodosia
170,Shani
171,Lauryn
172,Belvia
173,Lia
174,Sunny
175,Caspar
176,Jacinta
177,Garrett
178,Leyla
179,Crystie
180,Nanci
181,Nikki
182,Dewie
183,Lars
184,Sharai
185,Chicky
186,Tannie
187,Stavro
188,Jojo
189,Leora
190,Alison
191,Jourdain
192,Neille
193,Gerladina
194,Francesco
195,Jaime
196,Fifine
197,Gian
198,Riley
199,Gunar
200,Chane
201,Caroljean
202,Robb
203,Nicoli
204,Trixi
205,Chelsae
206,Donna
207,Janella
208,Finn
209,Guido
210,Pearl
211,Dorita
212,Lynde
213,Rubin
214,Arlan
215,Codie
216,Bev
217,Brewster
218,Jedediah
219,Ephraim
220,Jobye
221,Vevay
222,Ingrid
223,Hughie
224,Yolanda
225,Poul
226,Heath
227,Morry
228,Kellen
229,Nicolina
230,Forester
231,Ethelred
232,Eunice
233,Gerta
234,Erma
235,Basilius
236,Diarmid
237,Humphrey
238,Davie
239,Far
240,Hali
241,Melinde
242,Elfrieda
243,Filberte
244,Georgina
245,Michel
246,Carena
247,Barney
248,Andrej
249,Shalom
250,Zola
251,Daffi
252,Huberto
253,Abbie
254,Pru
255,Mikol
256,Corry
257,Jerrilee
258,Jaine
259,Rozele
260,Britt
261,Westleigh
262,Gerardo
263,Susie
264,Ilario
265,Bobbie
266,Nicola
267,Sterling
268,Dinny
269,Clovis
270,Noreen
271,Duffy
272,Kleon
273,Maurene
274,Guido
275,Ingeborg
276,Lina
277,Thelma
278,Leda
279,Fanny
280,Edie
281,Robin
282,Kiley
283,Arvie
284,Wally
285,Janel
286,Man
287,Susi
288,Alec
289,Adlai
290,Dena
291,Eustace
292,Hastings
293,Patrizia
294,Boycey
295,Devon
296,Ambrosi
297,Otis
298,Bel
299,Wadsworth
300,Frasco
301,Lisabeth
302,Katrine
303,Prince
304,Fleming
305,Rosette
306,Gale
307,Burt
308,Isaak
309,Maitilde
310,Quintus
311,Petronilla
312,Ikey
313,Paulo
314,Tracey
315,Conrado
316,Leena
317,Fraze
318,Kenny
319,Sibilla
320,Nealson
321,Lezley
322,Vicki
323,Zondra
324,Toiboid
325,Kayla
326,Bartholomeus
327,Dionisio
328,Netta
329,Curr
330,Lawry
331,Art
332,Adamo
333,Gerard
334,Malanie
335,Prudi
336,Mervin
337,Sholom
338,Lester
339,Anni
340,Tyson
341,Harper
342,Gael
343,Nydia
344,Liliane
345,Ardith
346,Desiree
347,Wit
348,Hillie
349,Alphonso
350,Brandi
351,Evangelia
352,Parke
353,Pansy
354,Jessalin
355,Kimberley
356,Ode
357,Tito
358,Benedetta
359,Ripley
360,Eugene
361,Chucho
362,Welch
363,Florencia
364,Reinhold
365,Aubrey
366,Sinclare
367,Rhodia
368,Rhona
369,Coop
370,Vania
371,Nanon
372,Bernice
373,Bartlet
374,Roscoe
375,Baxie
376,Hilde
377,Clim
378,Bernetta
379,Hermie
380,Katharyn
381,Yasmin
382,Tiffi
383,Alana
384,Angelica
385,Elfreda
386,Kristy
387,Olag
388,Kent
389,Giffer
390,Bobby
391,Ewan
392,Gilburt
393,Jonathon
394,Leontyne
395,Anastasie
396,Parker
397,Cheston
398,Rheba
399,Nady
400,Cristiano
401,Hewett
402,Salvador
403,Mike
404,Gilda
405,Henriette
406,Nariko
407,Bessy
408,Duff
409,Mary
410,Pip
411,Muhammad
412,Siegfried
413,Kerby
414,Jacintha
415,Bobine
416,Jermaine
417,Elora
418,Guillermo
419,Jody
420,Ailey
421,Edita
422,Cory
423,Lida
424,Mabel
425,Antonina
426,Guthrey
427,Melina
428,Davita
429,Benjamin
430,Hasheem
431,Annmarie
432,Una
433,Dina
434,Alwin
435,Sherill
436,Garland
437,Adrianne
438,Esmaria
439,Jemmie
440,Kerrill
441,Coreen
442,Marti
443,Laura
444,Benton
445,Jackie
446,Rena
447,Humfrey
448,Hyman
449,Niki
450,Jeramey
451,Nikki
452,Kory
453,Delcina
454,Rodrique
455,Nicolea
456,Lorne
457,Sadie
458,Shanna
459,Alaine
460,Kimbell
461,Brietta
462,Julee
463,Fritz
464,Korry
465,Findlay
466,Maegan
467,Miller
468,Byron
469,Edgardo
470,Siegfried
471,Madeleine
472,Millicent
473,Zandra
474,Delmar
475,Gerri
476,Herta
477,Cecile
478,Mano
479,Katerine
480,Cristiano
481,Elayne
482,Sheffield
483,Cornela
484,Allix
485,Halette
486,Zelda
487,Rudy
488,Tessa
489,Elsworth
490,Gail
491,Jody
492,Nataline
493,Stephine
494,Nikolas
495,Harriett
496,Cairistiona
497,Vaclav
498,Taylor
499,Lanny
500,Lamond
501,Ellynn
502,Tiebold
503,Glennis
504,Rayshell
505,Nobe
506,Urban
507,Frankie
508,Collete
509,Barbabas
510,Merrielle
511,Danni
512,Wylma
513,Morgen
514,Isidore
515,Dotty
516,Juieta
517,Pren
518,Korella
519,Katusha
520,Hailee
521,Roshelle
522,Warren
523,Pauly
524,Reinhold
525,Fannie
526,Ferdinanda
527,Othella
528,Arnaldo
529,Abbe
530,Missie
531,Georgiana
532,Doralyn
533,Yorke
534,Yorke
535,Ardis
536,Anna
537,Eda
538,Candice
539,Janka
540,Elsie
541,Lynelle
542,Therine
543,Ruttger
544,Kessiah
545,Sallie
546,Netti
547,Forbes
548,Blondy
549,Uta
550,Sammie
551,Wheeler
552,Kassie
553,Sallie
554,Claudina
555,Kenon
556,Ashlan
557,Blondy
558,Boniface
559,Moishe
560,Ethan
561,Helge
562,Vere
563,Terrell
564,Sidonnie
565,Pippo
566,Ange
567,Viv
568,Wandie
569,Josee
570,Darda
571,Ambrosio
572,Patricia
573,Katya
574,Caryn
575,Lanie
576,Shalom
577,Darlene
578,Martynne
579,Allie
580,Nels
581,Deirdre
582,Rowen
583,Tate
584,Salomi
585,Devinne
586,Adrianne
587,Odetta
588,Morna
589,Anette
590,Coleman
591,Odella
592,Hazlett
593,Emory
594,Sigismundo
595,Dasie
596,Tally
597,Norry
598,Jordan
599,Alexis
600,Lexi
601,Ralf
602,Cecile
603,Perceval
604,Fremont
605,Gaylor
606,Joe
607,Cosette
608,Joelly
609,Marina
610,Ely
611,Jarid
612,Melicent
613,Waverly
614,Chelsey
615,Burr
616,Neely
617,Tybi
618,Devy
619,Elsinore
620,Gennifer
621,Kylie
622,Chantal
623,Cristiano
624,Carolina
625,Dacey
626,Burgess
627,Kati
628,Moise
629,Noellyn
630,Ilse
631,Liza
632,Clarisse
633,Danyelle
634,Dilly
635,Anastasie
636,Emerson
637,Kessiah
638,Foss
639,Haze
640,Fred
641,Franz
642,Hermann
643,Angelo
644,Bucky
645,Gerda
646,Nathalie
647,Niel
648,Glori
649,Lesli
650,Alan
651,Rafferty
652,Dill
653,Eliza
654,Tate
655,Dewie
656,Philipa
657,Bert
658,Maryann
659,Erskine
660,Dulci
661,Chelsy
662,Sammie
663,Garold
664,Thorvald
665,Minetta
666,Lauren
667,Elmore
668,Cicely
669,Karlie
670,Sallyanne
671,Eadmund
672,Leanor
673,Sherilyn
674,Cassandre
675,Layla
676,Albie
677,Oberon
678,Mamie
679,Giselbert
680,Cullen
681,Daloris
682,Kinnie
683,Marylee
684,Johnette
685,Valentino
686,Adriena
687,Shauna
688,Ambrosius
689,Annie
690,Adella
691,Mahmud
692,Albert
693,Gusella
694,Selestina
695,Felic
696,Crichton
697,Ginevra
698,Ilyse
699,Guendolen
700,Shandy
701,Joleen
702,Kimberli
703,Rodina
704,Isac
705,Burl
706,Raynell
707,Patience
708,Giorgio
709,Haywood
710,Delaney
711,Isaak
712,Aurore
713,Virgil
714,Jeralee
715,Sharline
716,Tyson
717,Enrique
718,Tilly
719,Esmaria
720,Editha
721,Mendy
722,Nerty
723,Vita
724,Babb
725,Curcio
726,Rowney
727,Arabela
728,Lucian
729,Danna
730,Vinny
731,Anastasie
732,Annabel
733,Margot
734,Guido
735,Georgie
736,Ernestine
737,Dunstan
738,Darice
739,Trudy
740,Audrey
741,Lu
742,Brande
743,Elvin
744,Kyle
745,Colleen
746,Ugo
747,Ruggiero
748,Dougie
749,Malia
750,Lisa
751,Arlene
752,Alair
753,Joelle
754,Merna
755,Anthony
756,Sophronia
757,Raffaello
758,Micki
759,Lorain
760,Rae
761,Myrlene
762,Karilynn
763,Marchelle
764,Roslyn
765,Vanna
766,Joli
767,Bentlee
768,Rorie
769,Leodora
770,Genevieve
771,Morie
772,Filmer
773,Courtney
774,Valaree
775,Myrle
776,Darlene
777,Llewellyn
778,Boigie
779,Denny
780,Lynea
781,Christoph
782,Melony
783,Conroy
784,Willie
785,Nancie
786,Herold
787,Cynthea
788,Neville
789,Maxi
790,Norman
791,Phil
792,Nellie
793,Maury
794,Inger
795,Shelba
796,Sophronia
797,Garv
798,Lucine
799,Margarethe
800,Aubine
801,Pepito
802,Chuck
803,Johnath
804,Dario
805,Theodora
806,Shannon
807,Berget
808,Arnuad
809,Nadya
810,Kelcy
811,Maryanne
812,Ann-marie
813,Peggie
814,Maggee
815,Ernestine
816,Dorita
817,Margaret
818,Patricia
819,Farrel
820,Bette-ann
821,Allan
822,Prescott
823,Teirtza
824,Hersh
825,Angie
826,Daron
827,Loria
828,Bab
829,Orlando
830,Violet
831,Pam
832,Belva
833,Trescha
834,Brandise
835,Valaria
836,Cissy
837,Engelbert
838,Cassandre
839,Roxy
840,Ced
841,Emlyn
842,Andriette
843,Aldrich
844,Court
845,Roosevelt
846,Eleanora
847,Ynes
848,Rolland
849,Gunner
850,Cari
851,Jarrod
852,Burt
853,Seymour
854,Brannon
855,Hermy
856,Quintilla
857,Molli
858,Deonne
859,Alejandro
860,Henrie
861,Arabel
862,Serene
863,Thalia
864,Ephrem
865,Tomas
866,Sydelle
867,Laurie
868,Hyacinthie
869,Lilllie
870,Aloysia
871,Kerianne
872,Eloisa
873,Carie
874,Gregoire
875,Lindon
876,Kasper
877,Sisile
878,Jacqui
879,Casper
880,Hodge
881,Arte
882,Kendall
883,Odetta
884,Lavinia
885,Rhianna
886,Erma
887,Pincus
888,Loren
889,Doralyn
890,Tamqrah
891,Lydie
892,Eveline
893,Esdras
894,Hans
895,Evey
896,Tresa
897,Filbert
898,Andi
899,Dorri
900,Dasya
901,Carolin
902,Gladi
903,Rowan
904,Daffi
905,Dorisa
906,Wilfrid
907,Eleonora
908,Roslyn
909,Ethe
910,Fredi
911,Burk
912,Denney
913,Laurel
914,Donica
915,Marguerite
916,Amelia
917,Phaedra
918,Geoffrey
919,Lidia
920,Ahmed
921,Tonye
922,Dierdre
923,Venus
924,Kelcy
925,Shoshanna
926,Antonio
927,Marmaduke
928,Nehemiah
929,Merilee
930,Lannie
931,Aigneis
932,Theo
933,Tore
934,Emalee
935,Katherina
936,Zorah
937,Teodora
938,Von
939,Ronni
940,Jess
941,Anabel
942,Marji
943,Muffin
944,Hana
945,Emmaline
946,Moina
947,Farlie
948,Valle
949,Katrina
950,Karla
951,Arlan
952,Lilah
953,Idell
954,Keane
955,Cecilia
956,Virgil
957,Corby
958,Juan
959,Florri
960,Minor
961,Lindie
962,Katharyn
963,Claudell
964,Catarina
965,Bella
966,Falito
967,Oliy
968,Fredi
969,Thatch
970,Lenee
971,Dorthy
972,Yuri
973,Paulie
974,Farrand
975,Frances
976,Wrennie
977,Curcio
978,Denny
979,Theresina
980,Ken
981,Anatol
982,Micheal
983,Trev
984,Gerek
985,Antony
986,Hester
987,Krispin
988,Camille
989,Hamlin
990,Starlene
991,Cornall
992,Stefa
993,Trent
994,Ivonne
995,Al
996,Katuscha
997,Norri
998,Tarrance
999,Leesa
1000,Cora
